question_id,task_string,question_text,option_1, option_2, option_3,task_string_us,question_text_us,option_1_us,option_2_us,option_3_us
1,Bitte antworten Sie auf die unten stehende Frage.,Welchen Fahrzeugtyp fahren Sie am häufigsten?,Kleinwagen,Sportwagen,Kombi/Van/SUV,Please answer the question below.,Which car type do you drive frequently?,compact car,sports car,family car / van
2,Bitte antworten Sie auf die unten stehende Frage.,Wie bewerten Sie die Beschleunigung des folgenden Fahrzeugs in Relation zur Leistung? “Der Sportwagen hat eine Beschleunigung von 7.5 Sekunden von 0 auf 100 km/h bei einer Leistung von rund 560 PS.”,enttäuschend langsam,normal,überraschend schnell,Please answer the question below.,How would you rate the acceleration of the following car in relation to the power (hp)? “The sports car goes from 0 to 60 mph in 7.5 seconds with an output of 560 hp.”,surprisingly fast,normal,disappointingly slow
3,Bitte antworten Sie auf die unten stehende Frage.,Wie bewerten Sie den kombinierten Spritverbrauch des folgenden Fahrzeugs in Relation zur Leistung? “Das Auto verbraucht 7.5 Liter auf 100 km/h kombiniert bei einem Motor mit 200 PS.”,enttäuschend hoch,durchschnittlich,erstaunlich gering,Please answer the question below.,How would you rate the combined gas mileage of the following vehicle in relation to the power output? “The car gets 31.3 mpg combined on an engine with 200 PS output.”,disappointingly low,average,surprisingly high
4,Bitte antworten Sie auf die unten stehende Frage.,Wie viele verschiedene Autos haben Sie schon besessen bzw. über längere Zeit benutzt? ,zwischen 1 und 3,zwischen 3 und 5,mehr als 5,Please answer the question below.,How many different cars did you own or use frequently?,between 1 and 3,between 3 and 5,more than 5
5,Bitte antworten Sie auf die unten stehende Frage.,Wie bewerten Sie die Beschleunigung des folgenden Fahrzeugs in Relation zur Leistung? “Das Auto sprintet in unter 3 Sekunden von 0 auf 100 km/h bei einer Leistung von 570 PS.”,überraschend gut,normal,enttäuschend gering,Please answer the question below.,How would you rate the acceleration of the following car in relation to the power (hp)? “The car goes from 0 to 60 mph in less than 3 seconds with a power output of 570 hp.” ,surprisingly good,normal,disappointingly slow
6,Bitte antworten Sie auf die unten stehende Frage.,Wie bewerten Sie die Beschleunigung des folgenden Fahrzeugs in Relation zur Leistung? “Der SUV hat eine Beschleunigung von 7.5 Sekunden von 0 auf 100 km/h bei einer Leistung von rund 560 PS.”,enttäuschend langsam,normal,überraschend schnell,Please answer the question below.,How would you rate the acceleration of the following car in relation to the power (hp)? “The SUV goes from 0 to 60 mph in 7.5 seconds with an output of 560 hp.”,surprisingly fast,normal,disappointingly slow
7,Bitte antworten Sie auf die unten stehende Frage.,Wie bewerten Sie den kombinierten Spritverbrauch des folgenden Fahrzeugs in Relation zur Leistung? “Das Auto verbraucht 7.5 Liter auf 100 km/h kombiniert bei einem Motor mit 370 PS.”,enttäuschend hoch,durchschnittlich,erstaunlich gering,Please answer the question below.,How would you rate the combined gas mileage of the following vehicle in relation to the power output? “The car gets 31.3 mpg combined on an engine with 370 PS output.”,disappointingly low,average,surprisingly high
