item_id,group,polarity,task_string,expression,min_val,max_val,physical_unit,stepsize,task_string_us,expression_us,min_val_us,max_val_us,physical_unit_us,lower_def,upper_def,source_feature,target_feature
1,f,2,"Bitte legen Sie fest, welches Intervall von Werten den folgenden Ausdruck für Sie nachvollziehbar macht:",Erstaunlicherweise hat das Fahrzeug bei einer eher durchschnittlichen Höchstgeschwindigkeit von 200 km/h eine gute Beschleunigung von […] Sekunden für den Sprint von 0 auf 100 km/h.,0,20,Sekunden,0.5,Please decide which interval of values makes the following expression acceptable:,"Surprisingly, the car has a good acceleration of [...] seconds for the sprint from 0 to 60 mph with a rather ordinary maximum speed of 124 mph.",0,20,seconds,2,18,Hoechstgeschwindigkeit,Beschleunigung
2,f,0.5,"Bitte legen Sie fest, welches Intervall von Werten den folgenden Ausdruck für Sie nachvollziehbar macht:",Das Fahrzeug hat bei einer eher durchschnittlichen Höchstgeschwindigkeit von 200 km/h eine gute Beschleunigung von […] Sekunden für den Sprint von 0 auf 100 km/h.,0,20,Sekunden,0.5,Please decide which interval of values makes the following expression acceptable:,The car has a good acceleration of [...] seconds for the sprint from 0 to 60 mph with a rather ordinary maximum speed of 124 mph.,0,20,seconds,2,18,Hoechstgeschwindigkeit,Beschleunigung
3,f,0,"Bitte legen Sie fest, welches Intervall von Werten den folgenden Ausdruck für Sie nachvollziehbar macht:",Das Fahrzeug hat bei einer Höchstgeschwindigkeit von 200 km/h eine Beschleunigung von […] Sekunden von 0 auf 100 km/h.,0,20,Sekunden,0.5,Please decide which interval of values makes the following expression acceptable:,The vehicle has an acceleration of [...] seconds from 0 to 60 mph with a maximum speed of 124 mph.,0,20,seconds,2,18,Hoechstgeschwindigkeit,Beschleunigung
4,f,-1,"Bitte legen Sie fest, welches Intervall von Werten den folgenden Ausdruck für Sie nachvollziehbar macht:",Enttäuschenderweise hat das Fahrzeug bei einer Höchstgeschwindigkeit von 200 km/h nur eine Beschleunigung von […] Sekunden für den Sprint von 0 auf 100 km/h.,0,20,Sekunden,0.5,Please decide which interval of values makes the following expression acceptable:,"Disappointingly, the car has a slow acceleration of [...] seconds for the sprint from 0 to 60 mph with a good maximum speed of 124 mph.",0,20,seconds,2,18,Hoechstgeschwindigkeit,Beschleunigung
5,f,1,"Bitte legen Sie fest, welches Intervall von Werten den folgenden Ausdruck für Sie nachvollziehbar macht:",Erstaunlicherweise hat das Fahrzeug bei einer Höchstgeschwindigkeit von 200 km/h eine Beschleunigung von […] Sekunden für den Sprint von 0 auf 100 km/h.,0,20,Sekunden,0.5,Please decide which interval of values makes the following expression acceptable:,"Surprisingly, the car has an acceleration of [...] seconds for the sprint from 0 to 60 mph with a maximum speed of 124 mph.",0,20,seconds,2,18,Hoechstgeschwindigkeit,Beschleunigung
6,g,0,"Bitte legen Sie fest, welches Intervall von Werten den folgenden Ausdruck für Sie nachvollziehbar macht:",Das Auto hat eine Höchstgeschwindigkeit von […] km/h bei einer Leistung von 200 PS.,0,400,km/h,1,Please decide which interval of values makes the following expression acceptable:,"With a power output of 200 PS, the car has a maximum speed of […] mph.",0,250,mph,20,230,LeistungPS,Hoechstgeschwindigkeit
7,g,2,"Bitte legen Sie fest, welches Intervall von Werten den folgenden Ausdruck für Sie nachvollziehbar macht:",Überraschenderweise hat das Auto eine starke Höchstgeschwindigkeit von […] km/h bei einer Leistung von 200 PS.,0,400,km/h,1,Please decide which interval of values makes the following expression acceptable:,"Amazingly, the car has a huge maximum speed of […] mph with a power output of 200 PS.",0,250,mph,20,230,LeistungPS,Hoechstgeschwindigkeit
8,g,-2,"Bitte legen Sie fest, welches Intervall von Werten den folgenden Ausdruck für Sie nachvollziehbar macht:",Enttäuschenderweise hat das Auto nur eine geringe Höchstgeschwindigkeit von […] km/h bei einer Leistung von 200 PS.,0,400,km/h,1,Please decide which interval of values makes the following expression acceptable:,"Disappointingly, the car has a low maximum speed of […] mph seconds with a power output of 200 PS.",0,250,mph,20,230,LeistungPS,Hoechstgeschwindigkeit
9,g,0.5,"Bitte legen Sie fest, welches Intervall von Werten den folgenden Ausdruck für Sie nachvollziehbar macht:",Das Auto hat eine starke Höchstgeschwindigkeit von […] km/h bei einer Leistung von 200 PS.,0,400,km/h,1,Please decide which interval of values makes the following expression acceptable:,The car has a huge maximum speed of […] mph with a power output of 200 PS.,0,250,mph,20,230,LeistungPS,Hoechstgeschwindigkeit
10,h,0.5,"Bitte legen Sie fest, welches Intervall von Werten den folgenden Ausdruck für Sie nachvollziehbar macht:",Der Sportwagen hat bei einer hohen Leistung von 350 PS einen sehr geringen Verbrauch von […] Litern auf 100 km kombiniert.,0,100,Liter,1,Please decide which interval of values makes the following expression acceptable:,"With a high power output of 350 hp, the sports car gets a high amount of […] mpg driving combined.",0,100,mpg,5,95,LeistungPS,VerbrauchGesamt
11,h,0,"Bitte legen Sie fest, welches Intervall von Werten den folgenden Ausdruck für Sie nachvollziehbar macht:",Der Sportwagen hat bei einer Leistung von 350 PS einen Verbrauch von […] Litern auf 100 km kombiniert.,0,100,Liter,1,Please decide which interval of values makes the following expression acceptable:,The sports car has a power output of 350 hp and gets […] mpg when driving combined.,0,100,mpg,5,95,LeistungPS,VerbrauchGesamt
