item_id,group,polarity,task_string,expression,min_val,max_val,physical_unit,stepsize,task_string_us,expression_us,min_val_us,max_val_us,physical_unit_us,lower_def,upper_def,source_feature,target_feature
1,a,2,"Bitte legen Sie fest, welches Intervall von Werten den folgenden Ausdruck für Sie nachvollziehbar macht:",Erstaunlicherweise hat das Fahrzeug bei einer eher durchschnittlichen Höchstgeschwindigkeit von 200 km/h eine gute Beschleunigung von […] Sekunden für den Sprint von 0 auf 100 km/h.,0,20,Sekunden,0.5,Please decide which interval of values makes the following expression acceptable:,"Surprisingly, the car has a good acceleration of [...] seconds for the sprint from 0 to 60 mph with a rather ordinary maximum speed of 124 mph.",0,20,seconds,2,18,Hoechstgeschwindigkeit,Beschleunigung
2,a,0,"Bitte legen Sie fest, welches Intervall von Werten den folgenden Ausdruck für Sie nachvollziehbar macht:",Das Fahrzeug hat bei einer Höchstgeschwindigkeit von 200 km/h eine Beschleunigung von […] Sekunden von 0 auf 100 km/h.,0,20,Sekunden,0.5,Please decide which interval of values makes the following expression acceptable:,The vehicle has an acceleration of [...] seconds from 0 to 60 mph with a maximum speed of 124 mph.,0,20,seconds,2,18,Hoechstgeschwindigkeit,Beschleunigung
3,a,-1,"Bitte legen Sie fest, welches Intervall von Werten den folgenden Ausdruck für Sie nachvollziehbar macht:",Enttäuschenderweise hat das Fahrzeug bei einer Höchstgeschwindigkeit von 200 km/h nur eine Beschleunigung von […] Sekunden für den Sprint von 0 auf 100 km/h.,0,20,Sekunden,0.5,Please decide which interval of values makes the following expression acceptable:,"Disappointingly, the car has a slow acceleration of [...] seconds for the sprint from 0 to 60 mph with a maximum speed of 124 mph.",0,20,seconds,2,18,Hoechstgeschwindigkeit,Beschleunigung
4,a,1,"Bitte legen Sie fest, welches Intervall von Werten den folgenden Ausdruck für Sie nachvollziehbar macht:",Erstaunlicherweise hat das Fahrzeug bei einer Höchstgeschwindigkeit von 200 km/h eine Beschleunigung von […] Sekunden für den Sprint von 0 auf 100 km/h.,0,20,Sekunden,0.5,Please decide which interval of values makes the following expression acceptable:,"Surprisingly, the car has an acceleration of [...] seconds for the sprint from 0 to 60 mph with a maximum speed of 124 mph.",0,20,seconds,2,18,Hoechstgeschwindigkeit,Beschleunigung
5,b,1,"Bitte legen Sie fest, welches Intervall von Werten den folgenden Ausdruck für Sie nachvollziehbar macht:",Überraschenderweise hat der Turbo-Motor des Sportwagens bei einem Hubraum von 3.5 Litern eine enorme Leistung von […] PS.,0,800,PS,1,Please decide which interval of values makes the following expression acceptable:,"Surprisingly, with a displacement of 3.5 liters, the sports car has an enormous power output of [...] hp.",0,800,hp,50,750,Hubraum,LeistungPS
6,b,0,"Bitte legen Sie fest, welches Intervall von Werten den folgenden Ausdruck für Sie nachvollziehbar macht:",Der Turbo-Motor des Sportwagens hat bei einem Hubraum von 3.5 Litern eine Leistung von […] PS.,0,800,PS,1,Please decide which interval of values makes the following expression acceptable:,"With a displacement of 3.5 liters, the sports car has a power output of [...] hp.",0,800,hp,50,750,Hubraum,LeistungPS
7,c,0,"Bitte legen Sie fest, welches Intervall von Werten den folgenden Ausdruck für Sie nachvollziehbar macht:",Bei einer Leistung von 350 PS erreicht das Fahrzeug eine Höchstgeschwindigkeit von […] km/h.,0,400,kmh,1,Please decide which interval of values makes the following expression acceptable:,"With a power output of 350 PS, the car reaches a maximum speed of  […] mph.",0,250,mph,20,230,LeistungPS,Hoechstgeschwindigkeit
8,c,2,"Bitte legen Sie fest, welches Intervall von Werten den folgenden Ausdruck für Sie nachvollziehbar macht:",Überraschenderweise erreicht das Fahrzeug bei einer Leistung von 350 PS eine enorme Höchstgeschwindigkeit von […] km/h.,0,400,kmh,1,Please decide which interval of values makes the following expression acceptable:,"Surprisingly, the car reaches an enormous maximum speed of  […] mph with a power output of 350 PS.",0,250,mph,20,230,LeistungPS,Hoechstgeschwindigkeit
9,c,-2,"Bitte legen Sie fest, welches Intervall von Werten den folgenden Ausdruck für Sie nachvollziehbar macht:",Enttäuschenderweise erreicht das Fahrzeug bei einer Leistung von 350 PS nur eine Höchstgeschwindigkeit von […] km/h.,0,400,kmh,1,Please decide which interval of values makes the following expression acceptable:,"Disappointingly, the car only reaches a maximum speed of  […] mph with a power output of 350 PS.",0,250,mph,20,230,LeistungPS,Hoechstgeschwindigkeit
10,d,0,"Bitte legen Sie fest, welches Intervall von Werten den folgenden Ausdruck für Sie nachvollziehbar macht:",Das Fahrzeug hat einen Verbrauch von […] Litern auf 100 km bei einer Leistung von 250 PS.,0,100,Liter,0.1,Please decide which interval of values makes the following expression acceptable:,With a power output of 250 PS. The car gets […] mpg driving combined.,0,100,mpg,5,95,LeistungPS,VerbrauchGesamt
11,d,2,"Bitte legen Sie fest, welches Intervall von Werten den folgenden Ausdruck für Sie nachvollziehbar macht:",Erstaunlicherweise hat das Fahrzeug einen geringen Verbrauch von […] Literm auf 100 km bei einer Leistung von 250 PS.,0,100,Liter,0.1,Please decide which interval of values makes the following expression acceptable:,"Surprisingly, the car gets a high amount of […] mpg driving combined with a power output of 250 PS.",0,100,mpg,5,95,LeistungPS,VerbrauchGesamt
12,d,-2,"Bitte legen Sie fest, welches Intervall von Werten den folgenden Ausdruck für Sie nachvollziehbar macht:",Leider hat das Fahrzeug einen hohen Verbrauch von […] Litern auf 100 km bei einer Leistung von 250 PS.,0,100,Liter,0.1,Please decide which interval of values makes the following expression acceptable:,"Unfortunately, the car gets a low value of […] mpg when driving combined with a power output of 250 PS.",0,100,mpg,5,95,LeistungPS,VerbrauchGesamt
13,e,0,"Bitte legen Sie fest, welches Intervall von Werten den folgenden Ausdruck für Sie nachvollziehbar macht:",Das Auto hat eine Beschleunigung von […] Sekunden von 0 auf 100 km/h bei einer Leistung von 200 PS.,0,20,Sekunden,0.5,Please decide which interval of values makes the following expression acceptable:,"With a power output of 200 PS, the car goes from 0 to 60 mph in […] seconds.",0,20,seconds,2,18,LeistungPS,Beschleunigung
14,e,2,"Bitte legen Sie fest, welches Intervall von Werten den folgenden Ausdruck für Sie nachvollziehbar macht:",Überraschenderweise hat das Auto eine schnelle Beschleunigung von […] Sekunden von 0 auf 100 km/h bei einer Leistung von 200 PS.,0,20,Sekunden,0.5,Please decide which interval of values makes the following expression acceptable:,"Amazingly, the car goes from 0 to 60 mph in only […] seconds with a power output of 200 PS.",0,20,seconds,2,18,LeistungPS,Beschleunigung
15,e,-2,"Bitte legen Sie fest, welches Intervall von Werten den folgenden Ausdruck für Sie nachvollziehbar macht:",Enttäuschenderweise hat das Auto nur eine langsame Beschleunignug von […] Sekunden von 0 auf 100 km/h bei einer Leistung von 200 PS.,0,20,Sekunden,0.5,Please decide which interval of values makes the following expression acceptable:,"Disappointingly, the car goes slowly from 0 to 60 mph in […] seconds with a power output of 200 PS.",0,20,seconds,2,18,LeistungPS,Beschleunigung
